Model,Accuracy,F1 Score
Logistic Regression,0.8826027226177096,0.8781768308077229
Random Forest,0.895841139003372,0.8915858832061997
XGBoost,0.8948420132384164,0.8905072891982693
